patient_id,ho_ten,cccd,ngay_sinh,so_dien_thoai,email,dia_chi,benh,ket_qua_xet_nghiem,bac_si_phu_trach,ngay_kham
bdd640fb-0667-4ad1-9c80-317fa3b1799d,Quang Phạm,104332181960,08/05/1954,0313389083,maijohn@example.net,"338 John Số
Thị xã JaneThành phố, 895667",Khỏe mạnh,5.37,Quý cô Thành Vũ,31/01/2026
562b0f79-c374-49ee-b50b-ea63371ecd7b,Hà Bùi,940265423511,09/07/1948,0815594078,jane94@example.org,"18 Hoàng Tổ
Thành phố JohnPhường, 338968",Tiểu đường,11.77,Vũ Phạm,20/01/2026
a2bc372f-7412-4293-8729-4739614ff3d7,Phúc Phú Đặng,618495931034,15/11/1963,0331647525,john92@example.net,"64 Jane Đường
Thành phố JaneThị xã, 380746",Tim mạch,5.28,Lâm Hoàng,03/03/2026
654821d0-7fcd-4eb1-a7ca-d415366eb16f,Anh Anh Lê,419283276483,03/12/1968,0703056413,jane96@example.com,"7 John Ngõ
Quận JaneXã, 166613",Tim mạch,5.31,Kim Mai Mai,18/02/2026
f143262f-dc5c-4eed-8da0-365bf89897b9,Dương Trần,767242388496,03/09/1971,0965328710,john46@example.org,"2 Jane Làng
Huyện JohnXã, 916449",Tiểu đường,4.8,Duyên Đặng,05/04/2026
5cec4eb5-edd9-4831-9ca3-5cfb04fc6d82,Quang Nguyễn,269166978480,21/02/1968,0384514627,tranjane@example.org,"Quận JaneXã
89 Phạm Làng, 847581",Tiểu đường,11.61,Thành Đặng,27/03/2026
1efa2197-7394-488f-847f-d9b4e64d1bcb,Chị Hương Đặng,482814893252,22/03/1938,0980957015,johnnguyen@example.org,"105 John Khu
JohnXã, 238739",Tim mạch,5.54,Anh Châu Bùi,06/02/2026
6e595ed3-a8b3-47fa-98d0-752b1825bc54,Huy Bảo Dương,391171822782,24/09/1942,0789638346,nguyenjane@example.net,"338 Lê Số
Huyện JaneQuận, 179046",Tim mạch,7.22,Ông Hưng Mai,03/01/2026
c0e9ab30-ed26-42e9-97e0-11b7f8102383,Chị Hồng Dương,871331509839,14/11/2000,0501031051,janenguyen@example.org,"74 Mai Dãy
Quận JaneQuận, 161324",Huyết áp cao,5.87,Yến Đặng,12/01/2026
80bacd64-7a0e-4fea-958c-a9ba0cd620c2,Cô Phương Trần,738299737631,25/08/1960,0365667010,hoangjohn@example.net,"939 John Số
JaneQuận, 802258",Khỏe mạnh,9.69,Quang Đức Bùi,26/01/2026
750cab75-4ccc-4bc2-a53f-8a28abf3e3fc,Vũ Văn Dương,133387262473,19/12/1948,0378108013,maijohn@example.net,"354 Jane Khu
Huyện JohnQuận, 377312",Huyết áp cao,6.95,Hà Mai,31/01/2026
35ebd32d-9ad6-40ab-8821-2ddb45b89cd9,Trung Đức Mai,736026064746,06/11/2001,0972343098,john16@example.com,"427 Mai Đường
Thành phố JohnXã, 137778",Tiểu đường,9.86,Nhiên Trí Bùi,25/01/2026
e623a689-5d59-4d2a-8eea-04e70ab54bde,Xuân Đặng,009788208121,13/12/1963,0913619399,johndang@example.net,"2 John Hẻm
JohnQuận, 872343",Tiểu đường,8.76,Huy Hải Vũ,31/01/2026
61ee411a-1bac-47a7-b386-f7a4c991603f,Ánh Dương,699854353462,19/08/1965,0775107991,janedang@example.com,"036 Vũ Ngõ
JanePhường, 634150",Tiểu đường,8.07,Hải Tấn Nguyễn,23/01/2026
2db69edb-42de-4fcc-b86c-2ca2e08596db,Hưng Trần,842513542784,03/07/1994,0980841241,jane69@example.net,"06 John Tổ
JohnPhường, 446239",Tiểu đường,9.81,Tú Thế Mai,02/03/2026
6703b636-5380-4904-a88c-7015aab97e49,Tùng Lê,244935348740,20/06/1961,0364005242,rbui@example.net,"80 Vũ Làng
JaneThị xã, 563246",Khỏe mạnh,8.19,Anh Minh Dương,02/02/2026
83f4a9a9-48a6-49d0-95b5-2908a8aa7158,Vũ Hải Vũ,680112805982,06/12/1965,0820450533,johnnguyen@example.org,"1 Bùi Làng
JaneThị xã, 355836",Tiểu đường,6.51,Cô Hà Bùi,12/02/2026
b227462c-f53d-4330-8dda-24ba2d06e8cf,Ông Tùng Phạm,869232260256,16/11/1951,0542160733,zle@example.com,"98 Mai Dãy
Thị xã JaneHuyện, 888295",Khỏe mạnh,6.47,Bà Vi Mai,05/04/2026
709b7d97-464c-44af-bd3f-3799a07295e9,Nhật Vũ,330365414586,10/04/1967,0950142940,jane58@example.org,"23 Jane Số
JaneThị xã, 165290",Tiểu đường,8.57,Quý cô Hồng Hoàng,04/01/2026
9360715f-c3fe-4183-a172-b725db52ca58,Nhật Văn Đặng,556981693406,01/01/1976,0388356159,ibui@example.net,"34 Dương Đường
JanePhường, 812131",Tim mạch,9.14,Nhật Xuân Dương,25/01/2026
06e745f9-88bc-439c-9f4c-3b79fb10987f,Khoa Văn Trần,148465648236,10/09/1993,0829946804,janele@example.org,"755 Vũ Số
JohnThị xã, 120324",Tim mạch,5.29,Linh Phạm,07/05/2026
a6d964a3-f510-4b53-87fe-e39f1190f938,Vi Nguyễn,995777387214,05/01/1969,0995134332,johnhoang@example.org,"1 Jane Khu
JohnXã, 736745",Tiểu đường,3.89,Bảo Vũ,21/01/2026
4fdc6e1b-edcb-4cb6-8692-dc639424aed5,Kim Hoàng Trần,791769367632,30/05/1968,0316328708,vujohn@example.net,"6 Trần Tổ
Thị xã JaneThành phố, 554582",Huyết áp cao,11.3,Bảo Trí Bùi,04/02/2026
a6846099-f729-4951-8591-31d2bbda0242,Trọng Mai,172788957986,28/02/2001,0972774348,ubui@example.net,"473 Hoàng Số
JohnThị xã, 992288",Khỏe mạnh,8.83,Phúc Mai Bảo Phạm,10/03/2026
4797b2c9-5720-4246-8223-623bcc3ebdde,Tùng Nguyễn,471434558122,02/09/2005,0562316658,johnpham@example.net,"7 Dương Đường
Huyện JohnThị xã, 825391",Khỏe mạnh,7.03,Bà Dương Hoàng,13/03/2026
58007c02-87ea-4ff5-8db0-674679279973,Nhật Tấn Đặng,366909670546,10/02/1997,0888937346,jane43@example.org,"823 Jane Khu
JohnQuận, 410636",Khỏe mạnh,3.75,Bà Lan Vũ,03/01/2026
4639447b-2067-4dac-88bd-13d1b540b30e,Ngọc Mai,562729806990,13/02/1975,0362720465,janetran@example.org,"75 John Khu
JohnThành phố, 520172",Huyết áp cao,7.36,Ông Nhiên Nguyễn,30/01/2026
f2f9e5fa-9016-4161-8fa7-01cd2631d00b,Vũ Phạm,564641708053,25/06/1951,0300330923,mhoang@example.net,"74 Vũ Đường
Quận JohnHuyện, 792509",Huyết áp cao,7.53,Bảo Phạm,03/02/2026
00af5b3a-2812-459a-9337-739e8d4f5d27,Nhật Mai Bảo Vũ,193745299124,20/10/1939,0390496631,janevu@example.net,"3 Hoàng Làng
JohnXã, 335729",Huyết áp cao,4.37,Bà Bảo Trần,12/01/2026
9854ce4e-4ebf-45c3-8ae9-b4a72a79ea68,Bảo Trần,491905865185,24/02/1999,0367165726,jane48@example.net,"0 Đặng Khu
Thành phố JohnPhường, 976566",Huyết áp cao,9.74,Vi Vũ,22/04/2026
2cd94cbb-c19a-458c-835b-1c8c0a4c9f7f,Quý ông Anh Lê,498776945314,06/09/1994,0837996507,etran@example.com,"1 Jane Số
JanePhường, 519904",Tim mạch,5.05,Chi Trần,03/03/2026
f85e06a1-1dad-49b2-92c2-1221409d3602,Phương Văn Mai,354549480831,26/03/1998,0567837770,mnguyen@example.net,"7 John Khu
Huyện JanePhường, 608257",Tiểu đường,6.0,An Hoàng,16/02/2026
8d03c91e-4f8d-4238-a88b-78b5b5b453ca,Vân Bùi,634957885685,17/01/1948,0774443135,johnduong@example.org,"48 Bùi Dãy
JohnThị xã, 678043",Tiểu đường,9.81,Quý cô Lâm Hoàng,09/04/2026
dd30de89-22f2-45f2-a11b-868dbf0d073d,Hạnh Bùi,233749894134,13/08/1981,0552408240,john44@example.net,"787 Đặng Số
JaneQuận, 831380",Tiểu đường,8.2,Quý cô Mai Bùi,09/01/2026
b489d070-7914-48a8-bea4-ff31517400f8,Kim Trí Dương,271094777520,25/05/1940,0771167190,janetran@example.com,"262 Jane Khu
JanePhường, 184216",Huyết áp cao,4.77,Tùng Hữu Đặng,02/05/2026
7cea2045-c268-483e-a32f-2e63b7fddd71,Duyên Trần,941318699938,24/04/1967,0877496499,john16@example.org,"24 John Tổ
Huyện JaneHuyện, 551607",Tiểu đường,8.68,Chị Phương Bùi,20/04/2026
2b840c67-2e18-4554-8ae2-8e66ae8a7813,Cô Khoa Bùi,133412328120,19/02/1968,0879740344,jhoang@example.org,"40 Vũ Hẻm
Thị xã JaneXã, 413685",Khỏe mạnh,4.11,Nhật Đức Dương,28/02/2026
da743152-627b-41a1-bfd6-f23232ffe294,Ông Quang Bùi,349361832421,18/03/1984,0324994717,jane06@example.com,"7 Phạm Tổ
Quận JanePhường, 892280",Tim mạch,9.45,Cô Hải Nguyễn,01/03/2026
945ef2e4-088a-43ec-b0d9-c9f8c9e26074,Hoàng Quang Vũ,488771906594,29/10/1979,0313990490,mle@example.org,"8 Lê Khu
JanePhường, 455168",Huyết áp cao,7.5,Nhật Trần,28/01/2026
dc322c97-39c1-4262-b76c-8edec1101266,Phương Phú Trần,742967175655,22/01/1989,0325674680,vujohn@example.com,"6 Trần Làng
JohnXã, 688678",Khỏe mạnh,4.25,Trọng Hải Trần,04/05/2026
b379cb1e-e8cd-40cc-b6da-3ca0d2e82f38,Huy Trần,451680876038,20/05/1954,0797703482,nguyenjane@example.com,"2 Dương Tổ
JohnThị xã, 786735",Tim mạch,7.22,Nhật Hoàng,21/03/2026
08601833-479d-4cda-b396-ea37f065c817,Trung Mai Dương,710932480861,30/06/1967,0517127484,john58@example.net,"31 Trần Làng
Thành phố JaneQuận, 232040",Khỏe mạnh,10.6,Cô Ánh Mai,10/02/2026
dea45c19-d024-4d72-b748-967f961d33ba,Bà Vi Lê,737826398214,29/09/1935,0858404499,john28@example.com,"0 John Tổ
Huyện JohnQuận, 378258",Khỏe mạnh,10.85,Lan Bùi,13/04/2026
79eb4168-1045-46e5-bee3-eb791d181ee9,Bác Minh Hoàng,787558867533,15/03/1950,0963605766,omai@example.net,"00 Bùi Số
Thị xã JaneThành phố, 184714",Huyết áp cao,7.71,Trọng Trí Trần,25/01/2026
95da75c1-a211-40f9-9fd3-4579466772ce,Thành Thế Dương,028951718702,01/03/2004,0821745961,ytran@example.net,"73 Đặng Dãy
JanePhường, 199704",Tim mạch,10.74,Huy Tấn Vũ,14/03/2026
ec48bf55-afd3-40c4-a713-582cf41ea3ac,Ông Vũ Trần,865780913431,18/01/1948,0811724005,vtran@example.net,"0 Trần Số
JanePhường, 153945",Tiểu đường,5.99,Trọng Vũ,10/03/2026
36760ce5-81e5-49f6-93f2-77cc1a85910d,Quý cô Lâm Trần,562386922219,04/01/1983,0893792374,john49@example.org,"4 John Khu
JaneHuyện, 106402",Khỏe mạnh,5.67,Chị Khoa Bùi,14/01/2026
f8c88fae-a217-4f84-bdb0-25ff2451e5a4,Hương Mai,074821759464,21/08/1964,0843671369,dbui@example.com,"5 John Hẻm
Thành phố JohnHuyện, 564637",Tim mạch,8.39,Nhật Mai Bùi,23/02/2026
1d2324e6-8329-40b7-8143-f426372f871a,Huy Đức Vũ,406409097439,03/08/2001,0733942104,john36@example.net,"32 Vũ Tổ
Thành phố JanePhường, 551574",Khỏe mạnh,3.78,Chị Kim Mai,14/02/2026
ab05347f-d556-437d-8f08-81ee8011316b,Vũ Hữu Nguyễn,521456232858,23/09/1994,0942474517,duongjohn@example.com,"6 Trần Số
Huyện JohnXã, 582446",Tiểu đường,4.7,Vũ Bảo Trần,17/02/2026
862268d1-6683-4107-96c0-44d06f887f28,Kim Vũ,368516048175,26/07/1981,0796513709,janele@example.org,"8 Jane Tổ
Quận JohnQuận, 368402",Tim mạch,11.28,Chị Duyên Lê,08/05/2026
c5d95f51-f387-41bd-ad59-72c6134a5a2f,Quý ông Nhiên Hoàng,317461200471,15/06/1996,0338267586,jane27@example.org,"90 Mai Ngõ
JaneThị xã, 139434",Huyết áp cao,11.03,Linh Vũ,15/01/2026
daf481a7-fa34-42e8-9d3f-7d7ea508dc95,Khoa Hoàng,179640537735,15/05/2004,0358506431,lduong@example.net,"93 Hoàng Dãy
Thành phố JaneThành phố, 950360",Khỏe mạnh,4.28,Vũ Xuân Nguyễn,18/02/2026
707df251-fdb1-429e-b010-ed13b526b22d,Bà Thành Vũ,390053293183,01/02/1988,0933529042,rdang@example.net,"518 Vũ Khu
Huyện JohnXã, 795847",Huyết áp cao,8.09,Bà Hạnh Bùi,26/01/2026
15b02530-f020-4992-b576-255e98549f22,Tùng Bùi,210205395024,24/01/1980,0326811775,johnbui@example.net,"23 Dương Làng
Quận JohnThành phố, 410160",Tiểu đường,7.34,Phương Mai,13/04/2026
e05b46c5-5636-4094-a974-31db09a9d1c1,Quý cô Bảo Lê,390847007661,21/12/1959,0871159212,janenguyen@example.com,"94 Phạm Làng
JaneQuận, 485709",Tim mạch,8.81,Quý ông Khoa Bùi,08/04/2026
297ca4ff-f75d-499f-ab2d-5b0987079ad4,Chị Ánh Vũ,985698478961,17/06/1942,0383673657,jdang@example.org,"12 Dương Hẻm
JohnQuận, 956375",Khỏe mạnh,7.04,Bác Nam Bùi,11/01/2026
3c5bf3a7-5fbb-40b1-8083-89c8657e01c9,Hà Phú Phạm,156545271111,13/03/1939,0815280988,john52@example.org,"2 Dương Đường
Thành phố JaneQuận, 975522",Tim mạch,9.2,Quý cô Hà Vũ,16/02/2026
3d0a5f0c-0c39-4ec7-9f31-74054d183eba,Hải Mai Trần,656049451983,12/06/1950,0573158514,ihoang@example.org,"2 Bùi Đường
JohnXã, 536802",Huyết áp cao,10.36,Cô Phương Đặng,14/01/2026
81e03a5e-8b48-4496-86ab-d4e7f4124360,Hồng Dương,899809402445,14/04/1941,0702296120,qdang@example.net,"31 Lê Đường
JanePhường, 283594",Tiểu đường,9.84,Quý ông Phúc Lê,13/01/2026
752a7d25-f190-4b7e-86b4-69efb74eba93,Thảo Phạm,366752545991,27/04/1941,0322901476,johndang@example.com,"03 Đặng Đường
JaneThành phố, 938171",Khỏe mạnh,8.66,Huy Hữu Dương,17/03/2026
7f072cb9-2fd3-40c0-b945-f2fd56cb1ab0,Bác Minh Vũ,643815614978,08/08/1946,0703690034,btran@example.net,"Huyện JaneThành phố
44 Hoàng Số, 274739",Huyết áp cao,10.02,Bác Bảo Nguyễn,10/03/2026
46494296-6f58-42c3-bf86-cc319d66e815,Hương Bùi,445107622683,21/10/1984,0985160607,johnle@example.net,"213 Đặng Số
Quận JaneHuyện, 490084",Tiểu đường,10.83,Ông Nhiên Lê,13/04/2026
a6499cdc-507b-4072-a5e5-8f345df06e8c,Quang Trần,969664160529,20/11/1938,0851613696,janemai@example.com,"47 Jane Dãy
Thành phố JohnThành phố, 574001",Tiểu đường,6.86,Quý cô Hà Đặng,10/05/2026
8ccc9cea-109f-48ee-b5a4-720058f0dd23,Khoa Lê,453521818835,20/01/1959,0723124329,john13@example.org,"589 Dương Hẻm
Thành phố JaneThị xã, 851759",Huyết áp cao,9.96,Quý ông Huy Hoàng,15/01/2026
a4704d48-5128-49b1-b8ed-e0ca20156a72,Nhật Dương,127799799552,09/10/2005,0817744905,john89@example.org,"80 John Khu
Quận JanePhường, 336422",Tiểu đường,6.14,Minh Thế Trần,18/02/2026
8d03f17a-f4d3-45c1-a293-19fa3240d7a1,Hoàng Vũ,700541199867,19/12/2007,0980793597,maijohn@example.net,"995 John Ngõ
Huyện JohnXã, 536822",Huyết áp cao,11.64,Chi Mai,26/02/2026
7ba24588-4d56-4a3d-b4e7-069aa4540937,Quý cô Thảo Dương,715182037788,16/04/1945,0925546659,lejane@example.com,"92 Đặng Tổ
JohnHuyện, 639995",Tiểu đường,10.21,Thành Phạm,01/04/2026
3f779cae-7318-496d-8479-06121f5d988f,Cô An Vũ,515186449251,23/08/1987,0925462914,kpham@example.com,"278 Dương Khu
JohnThành phố, 512344",Khỏe mạnh,8.97,Anh Trung Hoàng,10/03/2026
7eb162f1-4806-4804-8cf0-374c0c74dc0f,Bác Tùng Nguyễn,528168505423,27/12/1949,0773322141,qle@example.net,"06 John Tổ
JohnThị xã, 628750",Tiểu đường,9.13,Bác Trọng Hoàng,24/01/2026
64d6dfbf-18c0-4e2b-b99f-070420f0156a,Dũng Phú Lê,929622292706,14/06/1962,0737947383,cmai@example.org,"87 John Tổ
JohnThị xã, 746447",Tim mạch,11.71,Nhiên Đặng,09/04/2026
7d66971e-8847-4c56-827c-9f8cd40ac5e9,Châu Nguyễn,735977468862,29/06/1985,0592407581,john69@example.com,"7 Hoàng Làng
Thị xã JohnXã, 759580",Tiểu đường,5.92,Bảo Hải Nguyễn,22/04/2026
30d73df7-1c22-4cea-b355-56a5f2bd92f2,Chi Đặng,247826137506,09/05/1992,0368536153,janepham@example.com,"0 John Tổ
JaneHuyện, 281594",Tiểu đường,6.21,Bác Tùng Đặng,05/05/2026
9c2dfa97-43ad-4d62-b17c-fb21cdbc2c1c,Anh Quang Vũ,152204727790,26/12/1975,0304328986,janevu@example.net,"75 Vũ Ngõ
JaneHuyện, 910616",Tiểu đường,10.1,Bà An Vũ,16/01/2026
a7edc8d8-713f-4f8c-ac8b-e53758ab4778,Châu Phạm,341036971179,10/11/1962,0908932460,jane21@example.net,"083 John Ngõ
JanePhường, 595351",Tim mạch,5.54,Hải Lê,02/01/2026
edd97a1a-fa58-4b27-8ce3-e7c3f6eab3a0,Quý cô Hải Dương,621851888880,04/05/2000,0870654051,janedang@example.com,"9 John Hẻm
JohnThành phố, 976822",Tim mạch,5.55,Nhật Xuân Vũ,08/01/2026
9a4ffc0c-9165-42ed-8c63-6e95025f5543,Thành Vũ,195205852772,12/03/1997,0517043030,gle@example.com,"27 Lê Đường
JaneXã, 807160",Tim mạch,11.43,Chị Duyên Bùi,25/03/2026
669d01ff-1634-425b-93f3-007383e96ef4,Bảo Lê,868740345054,04/05/2000,0356676527,john04@example.com,"49 Jane Tổ
Thành phố JohnThị xã, 421709",Khỏe mạnh,6.62,Quý cô Hải Mai,02/03/2026
ea87855e-a382-45d3-9e0e-f546b0b6dedf,Quang Hoàng,841616928451,01/06/1965,0354479627,johnduong@example.org,"87 John Ngõ
JaneThành phố, 691573",Tim mạch,7.3,An Mai,09/04/2026
265cb9d9-8962-4f6e-929c-93b333c08bf1,Bà Phương Dương,596401658202,07/03/1951,0970213556,janetran@example.net,"28 Dương Đường
JanePhường, 122827",Tiểu đường,8.64,Hạnh Văn Phạm,23/04/2026
58330b30-6c77-4e95-8b98-1ccd12b2102d,Phương Nguyễn,755719285654,01/10/1944,0510278681,snguyen@example.com,"6 Bùi Dãy
JaneThành phố, 815894",Tim mạch,10.09,Bà Hà Lê,15/04/2026
ba54e920-2099-4180-8762-3997649f7d88,Cô Vi Nguyễn,739473121727,19/12/1975,0355188442,bmai@example.net,"752 Phạm Ngõ
Thị xã JohnQuận, 316092",Huyết áp cao,10.25,Hà Hoàng,07/01/2026
b40a9181-ac09-4db7-9908-6e477249f62c,Mai Nguyễn,831323705895,08/02/1990,0882911467,ipham@example.org,"843 Hoàng Tổ
Huyện JohnPhường, 646571",Khỏe mạnh,10.04,Quý cô Thảo Vũ,12/01/2026
e134edfc-9777-4f10-b2d2-393f8e85140d,Quý cô Phương Dương,912517785289,27/09/1941,0526801824,jane85@example.net,"62 Phạm Làng
JohnThị xã, 160423",Huyết áp cao,4.88,Kim Trí Bùi,17/02/2026
a58e83dd-548c-4d84-b40d-e04941476506,Nhật Đặng,358414384249,11/12/1947,0918299229,johnvu@example.com,"398 Jane Làng
JaneThành phố, 322096",Tim mạch,10.66,Cô Yến Dương,17/02/2026
345af934-b42a-4d93-9aba-0f15b2149062,Lâm Tấn Vũ,900109439690,02/03/1987,0884473647,pmai@example.com,"7 Trần Dãy
JohnHuyện, 428122",Tiểu đường,9.35,An Hải Lê,04/01/2026
95831d58-ef4c-4119-8da5-d39b42c21797,Hạnh Trí Phạm,276773592555,02/04/1980,0825881537,janehoang@example.org,"77 Lê Tổ
Quận JaneQuận, 668471",Tiểu đường,5.77,Vân Nguyễn,15/01/2026
0c6b7074-ab10-4c9b-9168-2e09f1f7d904,Hồng Lê,321046963259,09/11/1966,0732787747,lejohn@example.org,"997 Nguyễn Đường
JohnThành phố, 655134",Tiểu đường,4.27,Tùng Vũ,04/01/2026
ac8d6c7d-b2a6-4468-902b-124380913ac1,Bảo Đức Trần,687339500479,23/09/2006,0848016245,johnpham@example.net,"61 Bùi Dãy
Quận JanePhường, 968286",Khỏe mạnh,6.61,Hải Nguyễn,19/01/2026
8d7dd772-608e-4f5c-a117-727067c0518b,Ông Nam Lê,609835841687,12/08/1946,0949912165,pbui@example.com,"0 John Dãy
JohnThành phố, 817675",Tim mạch,8.24,Tùng Hoàng,08/05/2026
d9b59f84-edc3-41c3-adea-2d2d086c405f,Nam Hoàng Hoàng,523986800025,25/12/1954,0887298259,ttran@example.org,"8 Bùi Hẻm
Huyện JohnThành phố, 558320",Tim mạch,4.88,Cô Linh Hoàng,30/04/2026
f80b2cea-658e-44a2-9879-cf35f4719986,Nam Đức Dương,949588879470,17/02/2002,0751694097,janemai@example.com,"943 John Khu
Thị xã JohnPhường, 508548",Tim mạch,11.72,Quang Đức Trần,02/01/2026
5c238d8d-71da-45b9-8eea-9db8f165d779,Tú Lê,993097289623,29/03/1947,0391307562,janeduong@example.net,"015 Jane Số
Huyện JaneThị xã, 917018",Khỏe mạnh,9.37,Nhật Mai,17/02/2026
af70de70-2b69-495e-8567-1b58926bffa5,Bảo Trí Vũ,689702838578,05/05/1976,0852785854,jane21@example.org,"71 Vũ Làng
JohnThị xã, 212168",Khỏe mạnh,5.13,Bà An Bùi,06/03/2026
cdd7f460-6140-47d3-9ec4-ea48d773f98d,Bảo Tấn Bùi,348434437575,19/11/1953,0944198665,jane93@example.com,"47 Jane Số
JaneHuyện, 219420",Huyết áp cao,5.97,Chị Dương Mai,06/01/2026
f166cdcf-762c-4fbc-ba2a-a7baf3f81c31,Quý cô Vi Vũ,415747338484,08/10/1944,0519933083,iduong@example.net,"2 Bùi Ngõ
JaneXã, 520274",Huyết áp cao,3.95,Phương Thị Đặng,15/04/2026
15c1604f-ea16-4354-a35f-c9c198049562,Lâm Đặng,657120826773,30/12/1957,0754019380,hoangjane@example.com,"JohnThành phố
38 Jane Tổ, 510133",Huyết áp cao,7.05,Anh Quang Nguyễn,04/04/2026
eba900e1-6a7d-4d96-8ba1-72331ac3bf31,Hà Lê,206724004991,07/10/1982,0747887287,jane73@example.net,"775 Jane Đường
Thành phố JanePhường, 214675",Tim mạch,5.14,Chị Phương Lê,18/04/2026
6d268b37-8f52-42d3-94bb-bcf828fea761,Anh Thành Lê,152742054932,22/09/1960,0966851612,bbui@example.net,"96 Nguyễn Làng
Huyện JohnXã, 206694",Huyết áp cao,7.56,Bà Thành Phạm,30/03/2026
dcd5bfae-abb3-46a7-8329-97801d2c2721,Bác Trọng Bùi,304637454990,13/10/1988,0753017426,dangjane@example.com,"9 John Tổ
Quận JaneThành phố, 291936",Tim mạch,9.37,Hoàng Hữu Bùi,26/04/2026
6c4c450b-623a-40fc-9326-7d25234b4562,Quý cô Hải Mai,459332727956,08/12/1958,0978339187,janevu@example.org,"0 Nguyễn Dãy
Quận JaneXã, 629990",Tim mạch,4.16,Quý ông Châu Bùi,28/03/2026
90bde900-1529-46f5-aad1-1fe87d1b695e,Vi Phạm,910883982258,10/02/1975,0813971870,vujohn@example.net,"7 John Khu
JohnPhường, 562806",Khỏe mạnh,4.62,Quý cô Hương Phạm,27/02/2026
7321a8b2-0840-405a-bfd2-f491dff389aa,Quang Trần,679087406403,12/02/1995,0910651801,phamjohn@example.net,"9 Lê Hẻm
Quận JohnXã, 467856",Khỏe mạnh,3.77,Trọng Mai,02/02/2026
4aea1b8f-b43c-4e0a-ba9f-c10e52daf681,Nhiên Vũ,622656766182,15/05/2005,0712868230,lejane@example.org,"Quận JohnQuận
672 Bùi Số, 573947",Tiểu đường,11.82,Hải Trần,20/03/2026
b1d81887-4739-4c7b-bff3-0c8d83ff3e96,Bảo Mai Bảo Đặng,786863375243,11/09/1935,0306903311,duongjane@example.org,"637 Đặng Khu
JohnXã, 993829",Tiểu đường,7.29,Bác Hưng Nguyễn,20/01/2026
75a72686-d632-4d31-88ac-ffcfa04d4d14,Hương Lê,030673830284,02/06/1995,0595995342,bnguyen@example.org,"Huyện JohnHuyện
5 Trần Tổ, 796787",Huyết áp cao,7.02,Cô Kim Vũ,15/02/2026
b4258e19-1758-447e-a7cd-e1436de21429,An Phạm,408926870568,02/04/2000,0766246287,lejohn@example.net,"516 Jane Ngõ
Thị xã JohnPhường, 945106",Huyết áp cao,10.72,Hà Đặng,13/03/2026
61fa01ba-231a-47c7-8c9b-ff5ce1887eaf,Chị Hà Mai,427086688263,06/07/1936,0735175183,janedang@example.net,"97 John Ngõ
Thành phố JaneHuyện, 550246",Tiểu đường,5.78,Hoàng Hải Vũ,06/05/2026
99db1302-8dab-46d3-bf87-dfc2159152f2,Nam Vũ,990139837354,27/04/1963,0333173936,janevu@example.net,"61 Jane Ngõ
Huyện JaneQuận, 505629",Huyết áp cao,8.19,Thành Xuân Dương,15/01/2026
0387f74d-1149-4096-965d-744f0445c1a8,Trung Nguyễn,467854458771,03/08/1943,0853556093,smai@example.net,"61 Jane Ngõ
JohnXã, 313068",Huyết áp cao,3.64,Bà Kim Hoàng,04/05/2026
ae59aa52-a65b-422b-95a3-86d9c362a810,Hạnh Bùi,899642353693,02/11/1967,0885477725,phamjohn@example.com,"21 John Đường
Thị xã JaneXã, 642347",Huyết áp cao,4.69,Phúc Đặng,25/01/2026
44cdbfdd-df9b-441e-87f7-bda1bff15840,An Đặng,872808010062,15/10/1993,0512038750,john49@example.net,"5 Jane Hẻm
JohnHuyện, 910894",Khỏe mạnh,9.1,Khoa Trần,14/02/2026
0b461173-00a8-4473-8242-5912bda3c162,Mai Nguyễn,008860084840,26/07/1999,0962118233,jane22@example.org,"536 Vũ Ngõ
JohnXã, 806033",Tim mạch,10.43,Lan Phạm,11/04/2026
66a302d6-f43e-4c48-8bc1-f9e5fb3df063,Nhật Vũ,461567933410,23/08/1977,0366687002,john87@example.org,"4 Jane Tổ
JohnPhường, 673108",Tiểu đường,7.75,Chị Ngọc Bùi,05/01/2026
a2cd1590-58af-493c-8aa2-b4c93ba5bd76,Linh Nguyễn,659180339740,27/07/1986,0348902503,john38@example.org,"410 Jane Tổ
JohnXã, 200219",Huyết áp cao,9.89,Quý cô Hà Hoàng,21/04/2026
f6d70248-a995-4cc3-af5b-09a60ff1c51f,Chị Hạnh Vũ,614293968562,26/03/1978,0385016315,udang@example.com,"291 John Hẻm
JaneHuyện, 526259",Khỏe mạnh,11.74,Phương Đặng,10/02/2026
43d78f2b-769d-41e3-8eed-412473b0d676,Hà Lê,504773586629,05/10/1976,0819431142,phamjane@example.org,"68 Jane Khu
Thành phố JaneThị xã, 682959",Khỏe mạnh,9.55,Cô Chi Trần,28/01/2026
d49347fc-0fc9-4d2e-830f-9be91f178f93,Chị Mai Bùi,265511047541,08/01/1986,0512678886,hoangjane@example.org,"721 Trần Đường
JohnQuận, 701761",Tiểu đường,3.72,Nhật Hữu Dương,06/01/2026
2c3d17e2-6d39-4a75-aee7-0ab261fa8e7a,Trung Xuân Vũ,581995604661,12/06/1973,0939826224,cle@example.net,"4 Bùi Dãy
Thành phố JaneThị xã, 243902",Tim mạch,5.78,Lâm Hải Mai,04/01/2026
b69f75c5-c82b-41be-a1eb-64e6fd498e20,Châu Mai Bảo Đặng,212646471543,26/09/2003,0899371240,jane42@example.org,"407 Hoàng Làng
Thành phố JohnPhường, 352867",Khỏe mạnh,6.32,Tùng Nguyễn,12/02/2026
cc21cbdb-fb8f-48c4-98b4-8ead93608edf,Thành Xuân Lê,965756924593,22/07/1967,0852654793,jane90@example.net,"3 Mai Khu
Thị xã JohnThành phố, 158896",Tim mạch,6.7,Chị Ngọc Mai,03/04/2026
9d37efb6-eafb-4e90-94ec-84ce002ccb25,Chị Linh Lê,651939828073,26/05/1979,0841672434,nguyenjohn@example.net,"851 Bùi Ngõ
JaneHuyện, 243079",Huyết áp cao,9.58,Quý cô Hải Dương,07/05/2026
f7ff88d4-b509-408a-ac98-8bca51397c06,Quang Xuân Bùi,617979688680,12/02/1977,0789113529,john20@example.net,"0 Jane Làng
Thị xã JohnHuyện, 881549",Tiểu đường,8.29,Lâm Đặng,04/03/2026
f68c62e6-e2a4-4909-a2dd-22d52afaab7b,Nhật Đặng,656101438889,23/02/1996,0937567982,vujohn@example.org,"10 Jane Dãy
JohnThị xã, 617033",Tim mạch,11.98,Thành Hữu Trần,04/04/2026
a6a5f0ff-93fb-41d0-9d32-6d9cc9ea356a,Chị Chi Trần,714611254573,27/11/1939,0975717751,john54@example.org,"21 Jane Dãy
Thị xã JohnXã, 555292",Tim mạch,3.88,Cô Hà Đặng,09/02/2026
b27b7bb4-68c6-40b2-b0a2-cee8f9722cc1,Khoa Vũ,105123828258,09/09/1967,0873622660,nguyenjane@example.net,"050 Trần Khu
JohnThành phố, 126985",Huyết áp cao,7.32,Chị Dương Vũ,16/01/2026
4ef03f80-1d91-4e39-9801-4004793bed1b,Nhật Mai Bảo Vũ,660334191825,06/10/1947,0737147859,xle@example.com,"477 Phạm Khu
Quận JohnThành phố, 800596",Khỏe mạnh,8.7,Tùng Bảo Hoàng,14/02/2026
6319629b-d73e-4bb9-8f9c-a17b8db8dadf,Phương Mai Bảo Hoàng,915579249912,06/06/1967,0713412528,fvu@example.com,"9 John Dãy
Quận JohnQuận, 232315",Khỏe mạnh,7.06,Hồng Trần,26/03/2026
a091e5b4-d293-4e6e-bf4d-093033b0fb53,Bà Thành Trần,296627828274,16/03/1947,0525790507,zmai@example.net,"7 Jane Ngõ
JohnQuận, 694116",Huyết áp cao,5.16,Hà Hoàng,20/01/2026
891f4683-de12-4bf1-893d-6196c926a021,Huy Đức Bùi,688767677219,12/06/2001,0334043842,lnguyen@example.com,"653 Jane Khu
JohnHuyện, 957091",Khỏe mạnh,8.31,Khoa Vũ,06/04/2026
1924c644-af52-4666-b239-09f4dbb54645,Chị Thảo Dương,788191485807,11/01/1979,0936134074,jane91@example.org,"7 Nguyễn Hẻm
Huyện JaneQuận, 918430",Tim mạch,10.83,Lan Phạm,08/02/2026
08775804-3fde-4814-8ec0-ad4bd6441a9d,Ông Quang Phạm,171339596292,24/08/1972,0530958498,jane86@example.net,"579 Lê Dãy
JaneQuận, 978343",Huyết áp cao,6.25,Vũ Vũ,06/01/2026
da9408c0-29b4-4cb1-8cb5-ee5c62f5f7c2,Chị Dương Phạm,449481260422,30/06/1963,0525367294,jane80@example.net,"2 John Khu
JaneThị xã, 494763",Khỏe mạnh,6.69,Bảo Đức Phạm,01/04/2026
d30608be-8548-467b-ad5c-ba244d59616b,Khoa Đức Nguyễn,116845775901,22/12/2004,0851863637,jane41@example.com,"5 Vũ Khu
Quận JohnThành phố, 944554",Tim mạch,6.24,Hải Tấn Lê,05/01/2026
4bacbedf-ff5a-429e-bf53-d344a7c854e4,Huy Bùi,458929750017,15/03/1988,0312770632,hoangjohn@example.com,"8 Đặng Khu
Quận JaneThành phố, 593649",Tim mạch,4.85,Bà Nhật Mai,05/02/2026
55ec024a-e64b-4b37-ae01-a122f269921c,Lâm Đặng,415415206436,02/10/1965,0310371293,jane55@example.com,"709 Jane Làng
Thị xã JaneThị xã, 156688",Khỏe mạnh,3.58,Chị Lâm Đặng,21/03/2026
e8184f34-e491-4f7d-91c4-6efcfcb896bb,Anh Dũng Lê,516271361115,11/05/1946,0742622189,odang@example.org,"743 John Dãy
Quận JanePhường, 550268",Tiểu đường,8.69,Kim Mai Bảo Bùi,01/01/2026
bb0c7919-330c-4ff5-88a5-fa0d09a85dc5,Nam Tấn Mai,275326973112,18/04/1961,0396565234,nguyenjohn@example.org,"21 Mai Khu
Thành phố JohnHuyện, 404955",Tiểu đường,5.61,Bác Huy Lê,08/03/2026
5bf7dda1-7d7c-49a5-a6c1-1650ff02f5b0,Chị Xuân Bùi,999404389836,17/12/1937,0703761379,johnle@example.org,"506 Mai Đường
Thành phố JohnThành phố, 823255",Tiểu đường,7.99,Kim Dương,15/03/2026
797209c0-40b3-44f8-8c1a-b2c71fa3ed1f,Chị Nhật Nguyễn,055269658271,04/05/1976,0391043006,qtran@example.net,"18 Jane Ngõ
Thị xã JohnXã, 309452",Tim mạch,8.84,Minh Phạm,11/03/2026
290e3e89-4b9c-42f4-a8e5-c8cdb4146e4a,Vân Dương,866618892414,17/08/1963,0383285691,pdang@example.org,"972 John Ngõ
JohnThị xã, 410401",Tim mạch,9.44,Bảo Nguyễn,20/01/2026
0a190939-dfc7-4b26-acb9-41fcd02c75f9,Quang Đặng,303161799042,03/05/1993,0302027588,tranjohn@example.org,"57 Trần Tổ
JohnThành phố, 520245",Tim mạch,4.92,Nhật Đức Bùi,03/04/2026
e2d903c8-a61a-4d8e-abf7-240fccc62fed,Cô Bảo Nguyễn,241056481491,19/01/1957,0878507925,buijane@example.net,"6 Hoàng Đường
Thị xã JaneThành phố, 531262",Huyết áp cao,5.67,Ông Vũ Vũ,08/05/2026
de4b061e-b45e-4463-832a-09e05071e5f0,Bà Vân Mai,191380003075,27/04/1948,0822086353,epham@example.com,"890 John Dãy
JohnThành phố, 887931",Khỏe mạnh,11.28,Bác Quang Đặng,24/02/2026
8ced4707-3903-4b65-81c6-1eeb0ce3c8c8,Kim Hải Trần,541951802380,03/11/1997,0817445187,choang@example.org,"17 John Số
JohnXã, 675771",Tiểu đường,6.64,Ánh Trần,28/04/2026
4dfa21be-a335-42c8-9e7b-1e95f692641a,Quý cô Linh Đặng,494937597383,30/09/1942,0506038505,janedang@example.net,"5 Trần Ngõ
Thành phố JaneHuyện, 970196",Tiểu đường,9.95,Tùng Mai,14/03/2026
e599bd3c-0bb8-4d38-9b37-ef19b3bc912f,Quý cô Bảo Bùi,641383670241,01/12/1949,0338657191,john31@example.com,"5 Jane Đường
Thị xã JanePhường, 717942",Huyết áp cao,8.92,Quý cô An Mai,10/01/2026
d6bca712-6ecc-4931-af70-5d018da03d88,Anh Nhiên Lê,619906234456,30/10/1952,0757431329,buijane@example.net,"3 Bùi Tổ
JaneQuận, 244892",Tiểu đường,4.82,Khoa Thế Mai,02/03/2026
8db78572-ef7d-4821-bca0-258eb63d65d5,Chị Mai Hoàng,277561853747,27/11/1974,0711249035,john28@example.net,"1 Mai Dãy
JaneThị xã, 947568",Huyết áp cao,4.28,Vân Trần,05/01/2026
ab95c72f-0d95-4af5-a534-21bc6180b78a,Mai Vũ,356804420678,06/04/1957,0931712100,jane20@example.net,"0 Dương Ngõ
Thị xã JohnXã, 922405",Huyết áp cao,4.61,Hưng Bùi,17/03/2026
f9cf8499-c9c1-4d45-b4ea-6b976aa415b5,Tùng Thị Nguyễn,651994101372,26/07/1969,0351070296,janepham@example.net,"8 John Khu
JohnPhường, 178086",Khỏe mạnh,7.72,Chị Nhật Mai,24/01/2026
4773e66a-6db2-4020-8a67-01436090103c,Hoàng Lê,662532447209,24/01/1970,0993476870,dangjane@example.net,"590 Dương Tổ
Huyện JohnQuận, 645895",Tiểu đường,5.88,Phương Lê,22/03/2026
1789be63-6746-4743-897b-303d8b074d1a,Quang Hoàng Đặng,263838065787,01/06/1980,0798564205,jane39@example.net,"573 John Tổ
JohnThị xã, 369054",Huyết áp cao,3.75,Nam Mai,14/03/2026
7210045a-823c-4ef9-8d85-65ce83a9c235,Ông Khoa Phạm,407859321334,14/12/1978,0903965223,tranjohn@example.net,"361 Jane Ngõ
Thành phố JanePhường, 447828",Tim mạch,10.35,Hương Trần,11/01/2026
8ede9b46-407d-4aff-8b51-a9112d90e4ee,Khoa Phạm,590599293784,24/07/1970,0570103930,cbui@example.net,"618 John Đường
Huyện JohnHuyện, 925115",Khỏe mạnh,3.51,Trọng Trần,24/02/2026
61a451ff-700b-4b43-ad3b-9d13c3e90323,Hải Văn Dương,932525002921,19/08/1956,0951569154,johnbui@example.net,"50 John Đường
Thị xã JohnHuyện, 320256",Tim mạch,4.66,Trung Bảo Mai,28/01/2026
9dec2b83-3885-4f7e-af1a-25a829344e15,Trung Trần,267528953926,16/01/1960,0742209690,maijane@example.net,"1 Trần Làng
JaneHuyện, 234443",Huyết áp cao,8.62,Cô Thảo Hoàng,14/01/2026
7c6166df-515a-4b43-b189-1f48e66e2c11,Bác Trọng Vũ,939172513552,06/02/1956,0357043315,jane62@example.org,"6 Đặng Hẻm
JaneThị xã, 566991",Tim mạch,10.19,Khoa Mai Bảo Mai,22/01/2026
14fc3a5d-9b4b-4377-a542-deb92cff45f8,Hoàng Mai,006762676586,03/02/1962,0379327104,john10@example.net,"3 Jane Dãy
Huyện JaneQuận, 909652",Tiểu đường,6.21,Hoàng Dương,08/04/2026
5d264b1b-6593-4659-972e-8c6882aa5c46,Dương Phạm,115262181599,06/12/1957,0806296201,janele@example.org,"7 Nguyễn Làng
JohnThành phố, 377198",Tim mạch,5.25,Quang Thị Phạm,11/04/2026
635a11f2-5c7a-483d-8a9d-2704e860bcb1,Quý ông Hưng Nguyễn,368844431069,19/06/1979,0972050614,maijane@example.net,"65 Jane Số
Thị xã JaneHuyện, 610511",Khỏe mạnh,5.2,Ông Minh Lê,27/03/2026
83b8fa05-13bc-4dc6-bae0-acdb2a6524af,Trung Lê,032417146774,18/10/1960,0386256527,janehoang@example.net,"51 Dương Dãy
Quận JaneThành phố, 355506",Tiểu đường,5.74,Lan Hoàng,26/04/2026
833c8f55-a129-4fa2-a27d-4660293fc266,Xuân Hoàng,743490211586,07/05/1955,0938068687,lejane@example.org,"9 Jane Ngõ
Thị xã JaneThị xã, 278852",Huyết áp cao,7.55,Quý cô Duyên Lê,24/04/2026
9f8acdeb-2e8f-45a8-847a-3b7ed209383b,Phúc Đặng,160898992172,28/01/1997,0533206163,phamjane@example.com,"886 John Hẻm
JohnXã, 627778",Huyết áp cao,10.59,Hà Dương,09/05/2026
8a0ea57a-9a7d-409d-a6e8-790b215d3b1f,Xuân Bùi,451168685487,29/05/2006,0399861622,cdang@example.net,"65 Jane Hẻm
JaneQuận, 187889",Tiểu đường,11.36,Trọng Mai,21/03/2026
b58ac738-0166-4221-b063-ae7f41ff81d1,Duyên Mai,914856467997,25/05/1951,0324629960,buijohn@example.net,"12 Hoàng Khu
JaneXã, 483405",Khỏe mạnh,11.06,Thành Phạm,22/03/2026
7b8301cf-8ebc-4d7e-88a6-5b858d56bff6,Bà Phương Mai,530745054447,13/03/2001,0332475469,jane95@example.net,"1 Jane Hẻm
Quận JaneHuyện, 939756",Tiểu đường,5.1,Lan Bùi,04/05/2026
d2c0dec2-1751-44d7-8deb-2696015aba1d,Quý cô Khoa Bùi,367850821486,10/05/1947,0589023303,vujohn@example.com,"6 Hoàng Khu
Quận JaneThị xã, 111230",Tiểu đường,7.38,Bà Mai Nguyễn,27/04/2026
3b4ec9f5-b2cd-4a0a-840c-5cb082b34384,Cô Thành Phạm,534578610357,26/05/1935,0972798552,johnvu@example.com,"93 John Ngõ
JaneHuyện, 955129",Tim mạch,9.87,Quang Hoàng,07/02/2026
932d1648-6769-40f1-ae01-b9e0746b161a,Thảo Lê,140602933334,08/10/1990,0880072290,maijohn@example.net,"4 Dương Số
JohnHuyện, 913274",Huyết áp cao,5.65,Quý ông Nhiên Nguyễn,04/04/2026
61f6dfbe-114b-4c79-8200-79f51dc3c26e,Chị Vi Đặng,446657437489,28/06/1991,0891085899,john43@example.com,"827 Đặng Làng
JohnPhường, 816289",Tim mạch,6.04,Quý cô Yến Phạm,15/02/2026
43f19b58-df6c-4d60-bdf7-6a69bc45144a,Chị Mai Phạm,171545444328,25/10/1983,0509652074,johntran@example.org,"0 Jane Tổ
JaneXã, 388078",Tim mạch,11.21,Anh Minh Vũ,19/03/2026
20d4ba18-93a0-4478-800b-19de38db128d,Vân Bùi,660993538758,16/06/2000,0728241724,maijane@example.com,"18 Đặng Đường
Quận JaneXã, 205641",Huyết áp cao,11.55,Quang Đức Lê,17/04/2026
78aa16ea-44f7-401a-bcb5-26d7434a130e,Quang Xuân Dương,513534655494,21/01/1993,0817099917,janedang@example.com,"29 John Ngõ
JohnXã, 553214",Huyết áp cao,7.75,Lâm Trí Lê,02/04/2026
6be8c756-2d36-426c-827e-789cce40483b,Anh Minh Mai,684602235697,30/04/1978,0552175250,qvu@example.net,"12 John Khu
JohnThị xã, 880762",Tiểu đường,7.34,Anh Phú Đặng,19/04/2026
41f9994a-cf5d-437f-ae8d-5daa8eb7c306,Nam Bảo Trần,329271296666,21/02/1983,0860083505,johnvu@example.com,"7 Jane Khu
JohnQuận, 771697",Huyết áp cao,3.65,Huy Hữu Trần,16/01/2026
50405c43-3a6c-4da6-97f7-d71f2978cc73,Khoa Đức Hoàng,033542168942,07/03/1989,0304478985,jane59@example.net,"JohnQuận
341 John Số, 208013",Khỏe mạnh,11.05,Hà Dương,17/04/2026
65a29cc8-c55b-495d-86bf-d9c40dc78104,Hà Vũ,257532603323,28/06/1956,0398215064,buijane@example.org,"22 John Đường
JaneThị xã, 589887",Tiểu đường,8.55,Tùng Dương,27/01/2026
8a0ec018-b297-49b2-b2cf-fcaef833ebfb,Quý cô Hải Hoàng,010016761847,23/07/1994,0530461849,jane78@example.org,"56 Lê Khu
Thành phố JohnHuyện, 400692",Huyết áp cao,7.06,Ông Châu Dương,28/02/2026
cc476b72-6e31-4234-8410-010802568389,Trọng Phạm,189141173934,04/05/1936,0935642087,john68@example.com,"6 Phạm Khu
Thị xã JohnXã, 901676",Huyết áp cao,9.35,Khoa Mai,22/02/2026
1186da93-da7d-4c53-b020-cf0669b41194,Chị Hạnh Trần,753001197218,01/05/1997,0314374470,svu@example.net,"208 John Ngõ
JaneQuận, 849937",Tiểu đường,10.41,Ông Quang Trần,30/01/2026
578799d9-3799-4376-be5b-3ac903c501fe,Hạnh Mai Bảo Đặng,045561100225,19/06/1998,0779415521,dangjohn@example.org,"872 Jane Số
Thành phố JohnThị xã, 908688",Khỏe mạnh,6.9,Anh Hưng Phạm,31/03/2026
85695f97-180d-4855-855f-fde8bc3e1d19,Quý cô Hồng Vũ,746762120216,30/04/1979,0979729659,johnmai@example.net,"4 Jane Đường
Thành phố JohnPhường, 555251",Tiểu đường,10.83,Nam Xuân Vũ,24/04/2026
3e3b1a40-ca05-43a2-a553-b15f1ea15b0f,Ngọc Hoàng,277167014508,16/01/2000,0993588916,janetran@example.org,"9 Nguyễn Đường
JohnPhường, 662407",Huyết áp cao,7.6,Bảo Dương,15/02/2026
c9df301e-8ef0-4de1-bb4f-19725115d7ee,Bảo Hoàng Nguyễn,628900287721,09/10/1986,0853540838,john40@example.com,"7 John Tổ
JaneHuyện, 971733",Khỏe mạnh,6.93,Cô Phương Lê,29/03/2026
8aa6b006-436a-4b9d-91c5-6a004bb13407,Bảo Văn Mai,317797177517,12/12/1986,0316608801,johnhoang@example.com,"18 Phạm Dãy
Huyện JaneThị xã, 772036",Tim mạch,11.07,Tú Đức Mai,08/05/2026
f013a170-d5cf-4b4c-8b34-fc841111ee29,Chị An Phạm,837550375899,05/12/1949,0857113055,gpham@example.org,"7 Nguyễn Tổ
Thành phố JohnQuận, 787603",Tim mạch,8.16,Ông Bảo Nguyễn,12/03/2026
e3f342a8-f030-4fd4-be54-898e8eda6433,Thành Thị Hoàng,510272614933,15/07/1971,0363735160,tranjane@example.org,"386 John Làng
Thị xã JohnPhường, 704570",Tiểu đường,10.06,Bảo Bảo Trần,02/02/2026
66cc7376-8cca-4963-ae2e-77a4cadec379,Phúc Mai Đặng,779827080869,02/04/1978,0882922169,jane66@example.net,"8 Jane Khu
JaneThị xã, 516379",Tim mạch,7.78,Yến Nguyễn,25/02/2026
2294fa0a-8482-4c08-842c-65ad9883e9b1,Nam Vũ,669346547226,23/07/1965,0984858333,janenguyen@example.net,"075 John Khu
JohnQuận, 368691",Tim mạch,9.34,Vũ Hoàng,19/03/2026
bbf8da91-37a9-4824-aafa-4d5b91ae3d4c,Nhật Đặng,228851587996,11/01/2001,0946081062,janehoang@example.org,"961 Jane Tổ
JaneThành phố, 907812",Tiểu đường,9.2,Cô Dương Bùi,11/01/2026
51beba8e-0a8a-4b94-863d-fcd64e0648d0,Bà Phương Phạm,342442043805,17/03/1956,0819838638,buijane@example.net,"646 John Tổ
Thị xã JohnXã, 518582",Tim mạch,9.39,Vũ Bùi,08/04/2026
2160446e-b2a7-4475-8619-67736f3acf33,Quý cô Phương Phạm,066658004397,03/10/2001,0559893347,mhoang@example.net,"146 Hoàng Ngõ
Thị xã JaneHuyện, 465227",Huyết áp cao,11.86,Bà Linh Hoàng,08/05/2026
2b54500d-4e08-4bb4-8509-d55806326b36,Trọng Mai Hoàng,122816064842,16/03/1955,0594057202,onguyen@example.org,"1 John Làng
Huyện JohnHuyện, 827497",Tim mạch,8.57,Hạnh Dương,02/04/2026
bd717da3-3581-4632-94f5-df7005d2d205,Chị Vân Mai,947985158328,24/07/1970,0382688615,uhoang@example.org,"98 Jane Hẻm
Huyện JohnPhường, 747983",Huyết áp cao,11.01,Hưng Dương,08/05/2026
637e3f94-110c-4d92-8222-305df1f71605,Quang Trần,555439878015,15/12/1937,0839930561,jane36@example.net,"Huyện JaneXã
387 John Làng, 655132",Khỏe mạnh,5.68,Dũng Dương,18/03/2026
58c69158-04b4-4ac9-a831-7f0dbe9063fb,Quang Thế Phạm,408588770435,31/07/2003,0911288013,john46@example.org,"256 John Số
Thị xã JohnXã, 260169",Huyết áp cao,10.85,Hạnh Tấn Dương,16/04/2026
2379c05f-a708-4280-b4ee-0b6721bbd183,Chị Thảo Mai,613861207501,07/10/1953,0302481934,ple@example.net,"881 Jane Hẻm
Huyện JaneThị xã, 418083",Khỏe mạnh,6.8,Bác Hoàng Phạm,21/01/2026
c32fc21b-06b4-4d27-af4b-8be821acfdb5,Trọng Hoàng,665061809190,14/10/1966,0358144914,johnnguyen@example.com,"897 Lê Số
JaneQuận, 271742",Khỏe mạnh,6.74,Chị Ngọc Bùi,03/01/2026
69bd40d8-f340-4dd3-8515-75b9ece9504b,Chị Vi Phạm,072832684245,11/05/1944,0388210099,janehoang@example.com,"660 Đặng Số
Thành phố JaneThị xã, 967182",Khỏe mạnh,8.07,Xuân Phạm,11/04/2026
